ID;Otázka;Pracovní zařazení podle 2025;ID ve vydání 2025;Strana ve vydání 2025;Stav pro rok 2026
A1;Záměrem se rozumí;Obecná;A1;6;Nepotvrzeno
A2;Stavbou se rozumí;Obecná;A2;6;Nepotvrzeno
A3;Považuje se za stavbu také výrobek plnící funkci stavby?;Obecná;A3;6;Nepotvrzeno
A4;Musí být stavba pevně spojena se zemí?;Nezařazena — jen procvičování a časovaný trénink;;;Nepotvrzeno
A5;Stavební zákon dělí stavby na;Obecná;A4;6;Nepotvrzeno
A6;Dočasnou stavbou se rozumí;Obecná;A5;6;Nepotvrzeno
A7;Používá-li stavební zákon pojem stavba, rozumí tím podle okolností také její část nebo změna dokončené stavby?;Nezařazena — jen procvičování a časovaný trénink;;;Nepotvrzeno
A8;Souborem staveb se rozumí;Obecná;A7;6;Nepotvrzeno
A9;Stavbou hlavní v rámci souboru staveb se rozumí;Nezařazena — jen procvičování a časovaný trénink;;;Nepotvrzeno
A10;Musí soubor staveb vždy obsahovat stavbu hlavní?;Nezařazena — jen procvičování a časovaný trénink;;;Nepotvrzeno
A11;Rozumí se změnou dokončené stavby pouze nástavba, přístavba a stavební úprava?;Obecná;A8;6;Nepotvrzeno
A12;Může stavební úpravou dojít ke změně výšky stavby?;Nezařazena — jen procvičování a časovaný trénink;;;Nepotvrzeno
A13;Rozumí se staveništěm také místo, na kterém se stavba odstraňuje?;Obecná;A11;6;Nepotvrzeno
A14;Stavebním pozemkem se rozumí;Obecná;A13;6;Nepotvrzeno
A15;Uliční čarou se rozumí;Obecná;A17;7;Nepotvrzeno
A16;Stavební čarou se rozumí;Obecná;A18;7;Nepotvrzeno
A17;Stavební prolukou se rozumí;Obecná;A19;7;Nepotvrzeno
A18;Může být budova stavebně otevřená (např. přístřešek)?;Nezařazena — jen procvičování a časovaný trénink;;;Nepotvrzeno
A19;Je rodinným domem stavba pro bydlení, která obsahuje i třetí nadzemní podlaží?;Obecná;A22;7;Nepotvrzeno
A20;Jaký je maximální počet samostatných bytů v rodinném domě?;Nezařazena — jen procvičování a časovaný trénink;;;Nepotvrzeno
A21;Přístupností se rozumí;Obecná;A23;7;Nepotvrzeno
A22;Jaká je nejmenší možná podlahová plocha obytné místnosti v případě, že byt tvoří více než jedna obytná místnost?;Nezařazena — jen procvičování a časovaný trénink;;;Nepotvrzeno
A23;Jaká je nejmenší možná podlahová plocha obytné místnosti v případě, že byt tvoří pouze jedna obytná místnost?;Nezařazena — jen procvičování a časovaný trénink;;;Nepotvrzeno
A24;Patří mezi osoby s omezenou schopností pohybu a orientace také osoba doprovázející dítě v kočárku nebo dítě do 3 let?;Nezařazena — jen procvičování a časovaný trénink;;;Nepotvrzeno
A25;Započítávají se plochy lodžií a arkýřů do zastavěné plochy stavby?;Obecná;A26;7;Nepotvrzeno
A26;Rozumí se stavebníkem též osoba, která pro sebe žádá vydání povolení odstranění stavby nebo stavbu odstraňuje?;Obecná;A27;7;Nepotvrzeno
A27;Zhotovitelem se rozumí;Nezařazena — jen procvičování a časovaný trénink;;;Nepotvrzeno
A28;Stavebním dozorem se rozumí;Obecná;A29;8;Nepotvrzeno
A29;Musí stavební dozor vykonávat autorizovaná osoba?;Nezařazena — jen procvičování a časovaný trénink;;;Nepotvrzeno
A30;Může při provádění nástavby rodinného domu být zajištěn pouze stavební dozor?;Nezařazena — jen procvičování a časovaný trénink;;;Nepotvrzeno
A31;Stavbyvedoucím se rozumí;Obecná;A30;8;Nepotvrzeno
A32;Projektantem se rozumí;Obecná;A31;8;Nepotvrzeno
A33;Stavebním podnikatelem se rozumí;Obecná;A32;8;Nepotvrzeno
A34;Dozorem projektanta se rozumí;Obecná;A33;8;Nepotvrzeno
A35;Nejblíže nadřazenou územně plánovací dokumentací se pro regulační plán rozumí;Nezařazena — jen procvičování a časovaný trénink;;;Nepotvrzeno
A36;Nejblíže nadřazenou územně plánovací dokumentací se pro územní plán rozumí;Nezařazena — jen procvičování a časovaný trénink;;;Nepotvrzeno
A37;Územně plánovací dokumentací je;Nezařazena — jen procvičování a časovaný trénink;;;Nepotvrzeno
A38;K čemu slouží územní opatření o stavební uzávěře?;Nezařazena — jen procvičování a časovaný trénink;;;Nepotvrzeno
A39;Co je obsahem plánovací smlouvy?;Obecná;A45;9;Nepotvrzeno
A40;Požadavky na výstavbu se rozumí;Obecná;A46;9;Nepotvrzeno
A41;Musí se požadavky na výstavbu uplatnit v celém rozsahu také na změny dokončených staveb?;Nezařazena — jen procvičování a časovaný trénink;;;Nepotvrzeno
A42;Lze povolit výjimky z požadavků na výstavbu?;Obecná;A48;9;Nepotvrzeno
A43;Které územní samosprávné celky mohou vydat nařízení, v němž stanoví podrobné požadavky na výstavbu pro své území odlišně od celostátní vyhlášky?;Nezařazena — jen procvičování a časovaný trénink;;;Nepotvrzeno
A44;Jaký je základní požadavek na vzájemné odstupy staveb?;Nezařazena — jen procvičování a časovaný trénink;;;Nepotvrzeno
A45;Lze mimo stavební pozemek umístit i stavbu rodinného domu?;Nezařazena — jen procvičování a časovaný trénink;;;Nepotvrzeno
A46;Patří mezi základní požadavky na stavby také přístupnost při užívání?;Obecná;A53;9;Nepotvrzeno
A47;Patří mezi vybrané činnosti ověřování výsledků zeměměřických činností ve výstavbě a výkon dozoru projektanta?;Obecná;A55;9;Nepotvrzeno
A48;Musí být územní studie vždy zpracována projektantem?;Obecná;A56;10;Nepotvrzeno
A49;Může dokumentaci některých jednoduchých staveb zpracovat jiná osoba než projektant?;Nezařazena — jen procvičování a časovaný trénink;;;Nepotvrzeno
A50;Je vybranou činností ve výstavbě také zpracování dokumentace pro odstranění stavby?;Nezařazena — jen procvičování a časovaný trénink;;;Nepotvrzeno
A51;Je výkon technického dozoru stavebníka vybranou činností?;Obecná;A60;10;Nepotvrzeno
A52;Patří mezi vybrané činnosti odborné vedení provádění stavby, její změny a odborné vedení odstraňování stavby?;Obecná;A61;10;Nepotvrzeno
A53;Může stavby, zařízení a terénní úpravy provádět a odstraňovat pouze stavební podnikatel?;Nezařazena — jen procvičování a časovaný trénink;;;Nepotvrzeno
A54;Má stavební podnikatel povinnost zajistit odborné vedení provádění nebo odstraňování stavby stavbyvedoucím?;Obecná;A63;10;Nepotvrzeno
A55;Je stavebník povinen před zahájením každé stavby, která podléhá povolení, zajistit vypracování dokumentace pro provádění stavby?;Obecná;A64;10;Nepotvrzeno
A56;U kterých staveb je stavebník povinen zajistit dozor projektanta nad prováděním stavby?;Nezařazena — jen procvičování a časovaný trénink;;;Nepotvrzeno
A57;Kdo má povinnost zajistit, aby na stavbě nebo na staveništi byla k dispozici ověřená dokumentace pro povolení stavby a dokumentace pro provádění stavby?;Obecná;A66;10;Nepotvrzeno
A58;Je projektant při zpracování projektové dokumentace povinen jednat v součinnosti s dotčenými orgány a se stavebním úřadem?;Obecná;A67;10;Nepotvrzeno
A59;Kdo je odpovědný při návrhu stavby za splnění požadavků na výstavbu?;Nezařazena — jen procvičování a časovaný trénink;;;Nepotvrzeno
A60;Odpovídá projektant za odchylky od projektové dokumentace, ke kterým došlo při provádění stavby a které neschválil?;Obecná;A68;10;Nepotvrzeno
A61;Může se stavbyvedoucí při provádění stavby odchýlit od ověřené dokumentace pro povolení stavby?;Nezařazena — jen procvičování a časovaný trénink;;;Nepotvrzeno
A62;Kdo je povinen zajistit řádné uspořádání staveniště a provozu na něm a vytyčení tras technické infrastruktury na staveništi?;Nezařazena — jen procvičování a časovaný trénink;;;Nepotvrzeno
A63;Komu je stavbyvedoucí povinen neprodleně oznámit závady, které se nepodařilo odstranit při vedení stavby?;Obecná;A70;11;Nepotvrzeno
A64;Kdo je povinen při provádění nebo odstraňování stavby vést stavební deník nebo jednoduchý záznam o stavbě?;Obecná;A71;11;Nepotvrzeno
A65;Může fyzická osoba provádět vybrané činnosti ve výstavbě bez oprávnění podle autorizačního zákona?;Nezařazena — jen procvičování a časovaný trénink;;;Nepotvrzeno
A66;Musí být veden stavební deník nebo jednoduchý záznam o stavbě při provádění drobných staveb?;Obecná;A74;11;Nepotvrzeno
A67;Jak dlouho je vlastník stavby povinen uchovávat ověřenou dokumentaci pro povolení stavby a dokumentaci pro provádění stavby?;Nezařazena — jen procvičování a časovaný trénink;;;Nepotvrzeno
A68;Které správní orgány jsou stavebními úřady?;Obecná;A79;11;Nepotvrzeno
A69;Které správní orgány jsou jinými stavebními úřady?;Obecná;A80;11;Nepotvrzeno
A70;Který stavební úřad je příslušný rozhodovat o vyhrazených stavbách?;Obecná;A81;11;Nepotvrzeno
A77;Vyžaduje dokumentace pro provádění stavby schválení stavebního úřadu?;Nezařazena — jen procvičování a časovaný trénink;;;Nepotvrzeno
A78;Je nutné dokumentaci pro provádění stavby zpracovat pouze u vyhrazených staveb?;Nezařazena — jen procvičování a časovaný trénink;;;Nepotvrzeno
A79;Které záměry nevyžadují povolení?;Obecná;A84;12;Nepotvrzeno
A80;Vyžaduje povolení změny využití území terénní úprava do 1,5 m výšky o výměře 450 m² na pozemku, který nemá společnou hranici s veřejnou pozemní komunikací?;Obecná;A85;12;Nepotvrzeno
A81;Kdy se povolení dělení nebo scelování pozemků nevydává?;Obecná;A86;12;Nepotvrzeno
A82;Umožňuje rámcové povolení provedení záměru?;Obecná;A88;12;Nepotvrzeno
A83;Který stavební úřad rámcové povolení vydává?;Obecná;A89;12;Nepotvrzeno
A84;Jak lze podat žádost o povolení záměru?;Obecná;A91;12;Nepotvrzeno
A85;Je možné projektovou dokumentaci pro povolení stavby předložit stavebnímu úřadu v listinné podobě?;Nezařazena — jen procvičování a časovaný trénink;;;Nepotvrzeno
A86;Je žádost o výjimku z požadavků na výstavbu součástí žádosti o povolení záměru nebo ji lze podat samostatně?;Obecná;A93;12;Nepotvrzeno
A87;Jak dlouhou dobu platí povolení stavby?;Nezařazena — jen procvičování a časovaný trénink;;;Nepotvrzeno
A88;Co se ve stavebním zákoně rozumí změnou záměru před dokončením?;Obecná;A97;13;Nepotvrzeno
A89;Vyžaduje změna záměru před dokončením povolení?;Obecná;A98;13;Nepotvrzeno
A90;Jaké odchylky od ověřené projektové dokumentace stavby se nepovažují za změnu stavby a projednávají se v kolaudačním řízení?;Obecná;A99;13;Nepotvrzeno
A91;Vyžadují všechny jednoduché stavby kolaudační rozhodnutí?;Nezařazena — jen procvičování a časovaný trénink;;;Nepotvrzeno
A92;Podle kterých technických norem se posuzuje kolaudovaná stavba, došlo-li během jejího provádění ke změně technických norem?;Nezařazena — jen procvičování a časovaný trénink;;;Nepotvrzeno
A93;Musí být v rámci kolaudace stavby provedena závěrečná kontrolní prohlídka?;Nezařazena — jen procvičování a časovaný trénink;;;Nepotvrzeno
A94;Lze kolaudační rozhodnutí vydat i pro část stavby?;Nezařazena — jen procvičování a časovaný trénink;;;Nepotvrzeno
A95;Co je účelem zkušebního provozu?;Nezařazena — jen procvičování a časovaný trénink;;;Nepotvrzeno
A96;Kdy nelze povolit změnu v užívání stavby (rekolaudaci)?;Nezařazena — jen procvičování a časovaný trénink;;;Nepotvrzeno
A97;Kterou stavbu je možné odstranit pouze na základě povolení odstranění stavby?;Nezařazena — jen procvičování a časovaný trénink;;;Nepotvrzeno
A98;Vyžadují drobné stavby povolení odstranění?;Nezařazena — jen procvičování a časovaný trénink;;;Nepotvrzeno
A99;Nařídí stavební úřad odstranění stavby také proto, že nebyla dokončena v době platnosti povolení?;Nezařazena — jen procvičování a časovaný trénink;;;Nepotvrzeno
A100;Lze stavbu provedenou bez povolení nebo v rozporu s ním dodatečně povolit?;Nezařazena — jen procvičování a časovaný trénink;;;Nepotvrzeno
A101;Lze nařídit odstranění stavby, která nevyžaduje povolení?;Nezařazena — jen procvičování a časovaný trénink;;;Nepotvrzeno
A102;Kdo je povinen zúčastnit se na výzvu stavebního úřadu jím prováděné kontroly?;Nezařazena — jen procvičování a časovaný trénink;;;Nepotvrzeno
A103;Kdy může stavební úřad nařídit vlastníku stavby provedení udržovacích prací na stavbě?;Nezařazena — jen procvičování a časovaný trénink;;;Nepotvrzeno
B6;Základní požadavky na stavby jsou;Obecná;B7;15;Nepotvrzeno
B12;Prostorové parametry sítí technické infrastruktury musí být;Obecná;B11;15;Nepotvrzeno
B19;Výkopy přiléhající k veřejným prostranstvím a komunikacím pro chodce;Nezařazena — jen procvičování a časovaný trénink;;;Nepotvrzeno
B26;Zabudované technické zařízení a jeho rozvody působící hluk a vibrace musí být;Obecná;B25;17;Nepotvrzeno
B28;V záplavovém území a tam, kde je třeba území nebo stavby chránit proti zpětnému vzdutí v kanalizaci při povodni nebo při přívalovém dešti, musí být;Obecná;B27;17;Nepotvrzeno
B43;Vodovodní přípojka;Obecná;B40;18;Nepotvrzeno
B44;Čistící tvarovka se nesmí osadit v místnosti,;Obecná;B41;18;Nepotvrzeno
B45;Pokud je stavba vybavena silnoproudým rozvodem,;Nezařazena — jen procvičování a časovaný trénink;;;Nepotvrzeno
B47;Plynovodní přípojka a rozvod plynu;Obecná;B43;18;Nepotvrzeno
B53;Běžný dobíjecí bod na střídavý proud pro elektrická vozidla;Nezařazena — jen procvičování a časovaný trénink;;;Nepotvrzeno
B55;Vyhláška o požadavcích na výstavbu;Nezařazena — jen procvičování a časovaný trénink;;;Nepotvrzeno
C1;Autorizační zákon upravuje;Obecná;C1;22;Nepotvrzeno
C2;Autorizace v příslušném oboru, popř. specializaci opravňuje;Obecná;C2;22;Nepotvrzeno
C3;Osobami oprávněnými vykonávat vybrané činnosti ve výstavbě jsou;Obecná;C3;22;Nepotvrzeno
C4;Právnické a fyzické osoby podnikající podle příslušných předpisů mohou vykonávat vybrané činnosti ve výstavbě,;Obecná;C4;22;Nepotvrzeno
C5;Autorizace se uděluje;Obecná;C6;22;Nepotvrzeno
C6;Vzdělání příbuzného oboru nebo směru, náhradou za vzdělání předepsané, může uznat;Obecná;C7;22;Nepotvrzeno
C7;Výjimku z předepsaného vzdělání může ve výjimečných případech povolit Komora zejména na základě;Obecná;C8;22;Nepotvrzeno
C8;Délka odborné praxe pro oprávnění autorizovaný inženýr, je nejméně;Obecná;C9;22;Nepotvrzeno
C9;Délka odborné praxe pro oprávnění autorizovaný technik, je nejméně;Obecná;C10;22;Nepotvrzeno
C10;Předmětem zkoušky odborné způsobilosti je zejména;Obecná;C11;22;Nepotvrzeno
C11;Požadovaný obor vzdělání a druh školy, obsah zkoušek odborné způsobilosti, obsah odborné praxe a formu osvědčení o autorizaci stanoví pro jednotlivé obory a specializace;Obecná;C12;23;Nepotvrzeno
C12;Autorizovaná osoba odpovídá za odbornou úroveň výkonu;Obecná;C13;23;Nepotvrzeno
C13;Autorizovaná osoba je povinna vykonávat činnosti, pro které jí byla udělena autorizace,;Obecná;C14;23;Nepotvrzeno
C14;K povinnostem autorizované osoby mimo jiné patří;Obecná;C15;23;Nepotvrzeno
C15;K zajištění řádného výkonu vybraných činností ve výstavbě, přesahujících rozsah oboru, popř. specializace, je autorizovaná osoba;Obecná;C16;23;Nepotvrzeno
C16;Autorizovaná osoba je povinna;Obecná;C17;23;Nepotvrzeno
C17;Dokumenty související s výkonem činnosti autorizované osoby musí být opatřeny;Obecná;C18;23;Nepotvrzeno
C18;Výlučné oprávnění k dodávání a odjímání autorizačních razítek i elektronických autorizačních razítek;Nezařazena — jen procvičování a časovaný trénink;;;Nepotvrzeno
C19;Autorizovaná osoba je povinna vést chronologický seznam;Obecná;C19;23;Nepotvrzeno
C20;Dokumenty označené autorizovanou osobou otiskem autorizačního razítka a vlastnoručním podpisem nebo opatřeny elektronickým autorizačním razítkem s kvalifikovaným elektronickým podpisem;Nezařazena — jen procvičování a časovaný trénink;;;Nepotvrzeno
C21;Svobodný architekt nebo svobodný inženýr vykonává;Obecná;C22;23;Nepotvrzeno
C22;Svobodný architekt nebo svobodný inženýr;Obecná;C23;23;Nepotvrzeno
C23;Vykonávají-li svobodní architekti nebo svobodní inženýři povolání společně,;Obecná;C24;24;Nepotvrzeno
C24;Při výkonu své činnosti je autorizovaná osoba povinna uzavřít pojištění z odpovědnosti za škody způsobené výkonem této činnosti;Obecná;C25;24;Nepotvrzeno
C25;Autorizovaná osoba je oprávněna v rozsahu oboru, popř. specializace, pro kterou jí byla udělena autorizace,;Obecná;C26;24;Nepotvrzeno
C26;Autorizovaný inženýr a autorizovaný technik v rozsahu oboru, popř. specializace, pro kterou jim byla udělena autorizace, jsou mj. oprávněni;Obecná;C27;24;Nepotvrzeno
C27;Autorizovaný inženýr a autorizovaný technik v rozsahu oboru, popř. specializace, pro kterou jim byla udělena autorizace,;Obecná;C28;24;Nepotvrzeno
C28;Autorizovaný technik v rozsahu oboru, popř. specializace, pro který mu byla udělena autorizace, je oprávněn mimo jiné;Obecná;C30;24;Nepotvrzeno
C29;Za závažné nebo opětovné porušení povinností autorizované osoby stanovené autorizačním zákonem, Komora autorizované osobě uloží některé z těchto disciplinárních opatření;Obecná;C31;24;Nepotvrzeno
C30;Komora odejme autorizaci tomu,;Obecná;C32;24;Nepotvrzeno
D1;Zákon č. 89/2012 Sb., občanský zákoník, předepisuje písemnou formu;Obecná;D1;25;Nepotvrzeno
D2;Dohodnou-li se strany o tom, že smlouva o dílo má být uzavřena písemně a tato dohoda dodržena není, tj. smlouva o dílo není uzavřena v písemné formě;Obecná;D4;25;Nepotvrzeno
D3;Podle zákona č. 89/2012 Sb., občanský zákoník, musí být plná moc udělena písemně;Obecná;D5;25;Nepotvrzeno
D4;Ten, kdo podepisuje za právnickou osobu,;Nezařazena — jen procvičování a časovaný trénink;;;Nepotvrzeno
D5;Po uplynutí promlčecí lhůty dlužník není povinen plnit svůj dluh. Obecná promlčecí lhůta v závazkových vztazích založených podle občanského zákoníku je;Nezařazena — jen procvičování a časovaný trénink;;;Nepotvrzeno
D6;Obchodní firmou podle zákona č. 89/2012 Sb., občanský zákoník, je;Obecná;D9;25;Nepotvrzeno
D7;Při postoupení pohledávky za úplatu;Obecná;D10;25;Nepotvrzeno
D8;Je-li uzavřena smlouva o smlouvě budoucí (např. na budoucí koupi nemovitosti) a oprávněná strana nevyzve zavázanou stranu k uzavření budoucí smlouvy ve sjednané nebo zákonem stanovené lhůtě;Nezařazena — jen procvičování a časovaný trénink;;;Nepotvrzeno
D9;Závazek z příkazní smlouvy (např. k zajištění investorské či inženýrské činnosti) zaniká;Nezařazena — jen procvičování a časovaný trénink;;;Nepotvrzeno
D10;Dojde-li po uzavření smlouvy ke změně okolností tak podstatné, že změna založí zvlášť hrubý nepoměr v právech a povinnostech stran, pro který jedna z nich bude znevýhodněna;Obecná;D13;26;Nepotvrzeno
D11;Vlastnictví k nemovité věci zapsané do katastru nemovitostí se nabývá;Nezařazena — jen procvičování a časovaný trénink;;;Nepotvrzeno
D12;Stavba budovaná podle smlouvy o dílo na pozemku ve vlastnictví objednatele;Obecná;D15;26;Nepotvrzeno
D13;Cenu díla provedeného na základě smlouvy o dílo je objednatel povinen zaplatit zhotoviteli;Obecná;D18;26;Nepotvrzeno
D14;Zhotovitel stavby nese nebezpečí škody (např. pro případ krádeží) nebo zničení stavby;Nezařazena — jen procvičování a časovaný trénink;;;Nepotvrzeno
D15;Je zhotovitel stavby povinen upozornit objednatele na vady projektové dokumentace nebo na nevhodný pokyn objednatele?;Nezařazena — jen procvičování a časovaný trénink;;;Nepotvrzeno
D16;Pokud je nevhodná věc (např. vadná projektová dokumentace) nebo nevhodný pokyn na překážku provádění díla;Nezařazena — jen procvičování a časovaný trénink;;;Nepotvrzeno
D17;Trvá-li objednatel na provedení díla podle zřejmě nevhodného příkazu nebo s použitím zřejmě nevhodné věci (např. vadné projektové dokumentace) i po upozornění zhotovitele;Nezařazena — jen procvičování a časovaný trénink;;;Nepotvrzeno
D18;Pokud stavba vykazuje ojedinělé drobné vady, které samy o sobě ani ve spojení s jinými nebrání užívání stavby;Obecná;D22;26;Nepotvrzeno
D19;Může zhotovitel požadovat zvýšení ceny u stavby zadané podle rozpočtu, který je součástí smlouvy nebo byl objednateli předem sdělen a nebyl dán s výhradou nezávaznosti nebo neúplnosti;Obecná;D23;26;Nepotvrzeno
D20;Občanský zákoník u smlouvy o dílo;Obecná;D24;27;Nepotvrzeno
D21;Poruší-li smluvní strana smlouvu podstatným způsobem;Nezařazena — jen procvičování a časovaný trénink;;;Nepotvrzeno
D22;Zhotovitel stavby odpovídá za vady stavby způsobené jeho subdodavateli;Nezařazena — jen procvičování a časovaný trénink;;;Nepotvrzeno
D23;Skryté vady stavby nebo projektové dokumentace musí být jejímu zhotoviteli oznámeny nejpozději;Nezařazena — jen procvičování a časovaný trénink;;;Nepotvrzeno
D24;Je projektant povinen nahradit škodu způsobenou nesprávnou nebo neúplnou projektovou dokumentací?;Obecná;D30;27;Nepotvrzeno
D25;Pokud je vada stavby důsledkem vady projektové dokumentace, spolu se zhotovitelem stavby odpovídá také;Nezařazena — jen procvičování a časovaný trénink;;;Nepotvrzeno
D26;Zhotovitel se zprostí povinnosti z vady stavby,;Nezařazena — jen procvičování a časovaný trénink;;;Nepotvrzeno
D27;Pokud dojde při realizaci stavby k poškození sousedního domu, má majitel nárok na náhradu škody?;Nezařazena — jen procvičování a časovaný trénink;;;Nepotvrzeno
D28;Pokud zhotovitel při výkopových pracích poškodí vodovodní potrubí, zhotovitel;Nezařazena — jen procvičování a časovaný trénink;;;Nepotvrzeno
D29;Objednatel projektové dokumentace, která je pro zhotovitele chráněna právem průmyslového nebo jiného duševního vlastnictví, může užívat projektovou dokumentaci;Nezařazena — jen procvičování a časovaný trénink;;;Nepotvrzeno
D30;Může vlastník pozemku požadovat, aby se soused zdržel zřizování stavby na sousedním pozemku;Obecná;D32;27;Nepotvrzeno
D31;Ploty, zdi, meze a jiné rozhrady;Obecná;D34;27;Nepotvrzeno
D32;Liniové stavby, zejména vodovody, kanalizace nebo energetická či jiná vedení;Obecná;D35;27;Nepotvrzeno
D33;Zástavní právo ke stavbě, která je součástí pozemku zapsaného v katastru nemovitostí, vzniká;Obecná;D36;28;Nepotvrzeno
D34;Věcné břemeno k nemovitosti (např. služebnost cesty, služebnost inženýrských sítí nebo právo na vodu);Nezařazena — jen procvičování a časovaný trénink;;;Nepotvrzeno
D35;Pokud stavebník zřídí po 1. 1. 2014 stavbu na pozemku třetí osoby (a neujednají si nic jiného);Nezařazena — jen procvičování a časovaný trénink;;;Nepotvrzeno
D36;Právo stavby;Nezařazena — jen procvičování a časovaný trénink;;;Nepotvrzeno
D37;Pokud osoba v dobré víře užívá cizí pozemek jako vlastní, může za určitých podmínek cizí pozemek vydržet (tj. stát se jeho vlastníkem) po uplynutí vydržecí doby;Nezařazena — jen procvičování a časovaný trénink;;;Nepotvrzeno
D38;Pokud trvalá stavba zasahuje malou částí na malou část cizího pozemku (jde o tzv. přestavek);Nezařazena — jen procvičování a časovaný trénink;;;Nepotvrzeno
D39;Trestným činem je;Obecná;D41;28;Nepotvrzeno
D40;Trestní odpovědnost za spáchaný trestný čin podle zákona č. 40/2009 Sb., trestní zákoník, nastává tehdy,;Obecná;D42;28;Nepotvrzeno
D41;Trestný čin je spáchán z nedbalosti, jestliže pachatel;Obecná;D43;28;Nepotvrzeno
D42;Pokud při zřícení nosné konstrukce mostu přijde o život několik lidí, přičemž se zjistí, že příčinou pádu mostu byly vady projektové dokumentace, které by zhotovitel jako odborník měl odhalit (avšak neodhalil);Nezařazena — jen procvičování a časovaný trénink;;;Nepotvrzeno
D43;Pokud kvůli vadné projektové dokumentace dojde ke zřícení mostu, přičemž přijde o život několik lidí,;Nezařazena — jen procvičování a časovaný trénink;;;Nepotvrzeno
E1;Podle předmětu se veřejné zakázky dělí na;Obecná;E1;29;Nepotvrzeno
E2;Podle výše předpokládané hodnoty se veřejné zakázky rozlišují na;Obecná;E2;29;Nepotvrzeno
E3;Veřejnou zakázkou malého rozsahu je veřejná zakázka, jejíž předpokládaná hodnota je;Obecná;E3;29;Nepotvrzeno
E4;Předpokládaná hodnota veřejné zakázky:;Obecná;E4;29;Nepotvrzeno
E5;Zákon č. 134/2016 Sb., o zadávání veřejných zakázek, upravuje tyto druhy zadávacích řízení:;Obecná;E5;29;Nepotvrzeno
E6;Zjednodušené podlimitní řízení může veřejný zadavatel použít pro zadání;Obecná;E6;29;Nepotvrzeno
E7;Veřejnou zakázkou na stavební práce je též veřejná zakázka, jejímž předmětem je;Obecná;E7;29;Nepotvrzeno
E8;Stavbou se pro účely zákona č. 134/2016 Sb., o zadávání veřejných zakázek, rozumí;Obecná;E8;29;Nepotvrzeno
E9;Zadávací dokumentace veřejné zakázky na stavební práce (jejímž předmětem není též související projektová činnost) obsahuje;Obecná;E10;30;Nepotvrzeno
E10;Dokumentace pro zadání stavebních prací (jejichž předmětem není též související projektová činnost) určuje;Obecná;E11;30;Nepotvrzeno
E11;Součástí zadávací dokumentace veřejné zakázky na stavební práce (jejímž předmětem není též související projektová činnost) musí být dokumentace pro zadání stavebních prací, která svým rozsahem odpovídá;Obecná;E12;30;Nepotvrzeno
E12;Soupis stavebních prací, dodávek a služeb u veřejné zakázky na stavební práce stanoví;Obecná;E13;30;Nepotvrzeno
E13;Kvalifikaci pro plnění nadlimitní veřejné zakázky splní dodavatel, který prokáže veřejnému zadavateli splnění;Obecná;E14;30;Nepotvrzeno
E14;Při hodnocení nabídek u nadlimitních veřejných zakázek na služby architektů a projektantů;Obecná;E15;30;Nepotvrzeno
E15;Při hodnocení ekonomické výhodnosti nabídek podle kvality mohou být hodnotícím kritériem mj.;Obecná;E16;30;Nepotvrzeno
E16;Soutěží o návrh se rozumí postup zadavatele;Obecná;E17;30;Nepotvrzeno
E17;Podle způsobu zadávání se soutěž o návrh člení na;Obecná;E18;30;Nepotvrzeno
E18;Za koncesi na stavební práce se považuje;Obecná;E19;31;Nepotvrzeno
F1;Živností je;Obecná;F1;32;Nepotvrzeno
F2;Všeobecné podmínky provozování živnosti fyzickými osobami jsou;Obecná;F3;32;Nepotvrzeno
F3;Zvláštní podmínky provozování živnosti jsou;Obecná;F5;32;Nepotvrzeno
F4;Živnostenské oprávnění vzniká;Obecná;F7;32;Nepotvrzeno
F5;Živnostenské oprávnění se prokazuje;Obecná;F8;32;Nepotvrzeno
F6;Odpovědný zástupce je;Obecná;F9;32;Nepotvrzeno
F7;Odpovědný zástupce;Obecná;F10;32;Nepotvrzeno
F8;Odpovědného zástupce je povinen ustanovit;Obecná;F11;32;Nepotvrzeno
F9;Česká právnická osoba je povinna ustanovit odpovědného zástupce;Obecná;F12;33;Nepotvrzeno
F10;Do funkce odpovědného zástupce ustanoví česká právnická osoba;Obecná;F13;33;Nepotvrzeno
F11;Vztah mezi podnikatelem a odpovědným zástupcem je;Obecná;F14;33;Nepotvrzeno
F12;Odpovědný zástupce může být ustanoven do funkce;Obecná;F15;33;Nepotvrzeno
F13;Provozovnou se pro účely živnostenského zákona rozumí;Obecná;F23;33;Nepotvrzeno
F14;Provozovna musí být trvale a zvenčí viditelně označena;Obecná;F24;33;Nepotvrzeno
F15;Odborná způsobilost pro vázané živnosti;Obecná;F27;34;Nepotvrzeno
F16;Živnost volná je;Obecná;F28;34;Nepotvrzeno
F17;Obsahové náplně jednotlivých živností a oborů činností živnosti volné;Obecná;F35;34;Nepotvrzeno
F18;V rámci živnosti „Provádění staveb, jejich změn a odstraňování“;Obecná;F38;35;Nepotvrzeno
F19;Vedení realizace staveb a jejich změn je;Obecná;F39;35;Nepotvrzeno
F20;Výkon technického dozoru je;Obecná;F40;35;Nepotvrzeno
G1;Povrchové vody jsou;Obecná;G1;36;Nepotvrzeno
G2;Podzemní vody jsou;Obecná;G2;36;Nepotvrzeno
G3;Plán rozvoje vodovodů a kanalizací zpracovává a schvaluje;Obecná;G3;36;Nepotvrzeno
G4;Kdo je oprávněn nakládat s povrchovými nebo podzemními vodami?;Obecná;G4;36;Nepotvrzeno
G5;Vodní toky jsou;Obecná;G5;36;Nepotvrzeno
G6;Ochranná pásma vodních zdrojů využívaných nebo využitelných pro zásobování pitnou vodou stanoví vodoprávní úřady;Obecná;G6;36;Nepotvrzeno
G7;Vodními díly jsou také;Obecná;G7;36;Nepotvrzeno
G8;Vodovodem pro veřejnou potřebu je také;Obecná;G8;36;Nepotvrzeno
G9;Odpadem, na nějž se vztahuje zákon č. 541/2020 Sb., o odpadech, je;Obecná;G9;37;Nepotvrzeno
G10;Původcem odpadu je také;Obecná;G10;37;Nepotvrzeno
G11;Pro účely zákona č. 541/2020 Sb., o odpadech, se skládkou rozumí;Obecná;G11;37;Nepotvrzeno
G12;Kdo rozhoduje v pochybnostech o tom, zda je určitá věc odpadem?;Obecná;G12;37;Nepotvrzeno
G13;Co je to katalog odpadu?;Obecná;G13;37;Nepotvrzeno
G14;Co je to plán odpadového hospodářství?;Obecná;G14;37;Nepotvrzeno
G15;Kalem podle zákona č. 541/2020 Sb., o odpadech, je také;Obecná;G15;37;Nepotvrzeno
G16;Co je podle zákona č. 541/2020 Sb., o odpadech, komunitní kompostování?;Obecná;G16;37;Nepotvrzeno
G17;Malým zařízením pro úpravu a využití biologicky rozložitelného odpadu je;Obecná;G17;37;Nepotvrzeno
G18;Povinností obcí ke komunálnímu odpadu je;Obecná;G18;37;Nepotvrzeno
G19;Předmětem posuzování vlivů na životní prostředí jsou;Obecná;G19;37;Nepotvrzeno
G20;Kdo zpracovává posudek k záměru z hlediska jeho vlivu na životní prostředí?;Obecná;G20;37;Nepotvrzeno
G21;Závazné stanovisko orgánu ochrany životního prostředí k posouzení vlivu záměru na životní prostředí, představuje pro navazující řízení;Obecná;G21;37;Nepotvrzeno
G22;Které správní úřady jsou příslušné k posuzování vlivů na životní prostředí?;Obecná;G22;37;Nepotvrzeno
G23;Cílem ochrany přírody a krajiny je zejména;Obecná;G23;38;Nepotvrzeno
G24;Významné krajinné prvky;Obecná;G24;38;Nepotvrzeno
G25;Národní parky se člení podle režimu ochrany;Obecná;G25;38;Nepotvrzeno
G26;Jako chráněné krajinné oblasti se vyhlašují zejména;Obecná;G26;38;Nepotvrzeno
G27;Ptačí oblasti jsou;Obecná;G27;38;Nepotvrzeno
G28;Zdrojem emisí znečišťujících látek do ovzduší jsou;Obecná;G28;38;Nepotvrzeno
G29;Přípustná míra znečištění ovzduší je určena;Obecná;G29;38;Nepotvrzeno
G30;Emisní limity musí být dodrženy;Obecná;G30;38;Nepotvrzeno
G31;Úroveň znečišťování ovzduší se zjišťuje;Obecná;G31;38;Nepotvrzeno
G32;Co je stacionární zdroj podle zákona o ovzduší?;Nezařazena — jen procvičování a časovaný trénink;;;Nepotvrzeno
G33;Závazné stanovisko k umístění stacionárních zdrojů vyjmenovaných v příloze 2 zákona č. 201/2012 Sb., o ochraně ovzduší, k jejich stavbě a změnám a povolení jejich provozu vydává;Obecná;G33;38;Nepotvrzeno
G34;Pro které stacionární zdroje znečišťování ovzduší je stanovena minimální vzdálenost?;Nezařazena — jen procvičování a časovaný trénink;;;Nepotvrzeno
G35;Kdo je provozovatel zařízení k nakládání s fluorovanými skleníkovými plyny?;Nezařazena — jen procvičování a časovaný trénink;;;Nepotvrzeno
G36;Povolenky k vypouštění emisí skleníkových plynů do ovzduší jsou;Obecná;G36;39;Nepotvrzeno
G37;Integrované povolení;Obecná;G37;39;Nepotvrzeno
G38;Které činnosti podléhají integrovanému povolení?;Nezařazena — jen procvičování a časovaný trénink;;;Nepotvrzeno
G39;Integrovaný registr znečišťování životního prostředí je;Obecná;G39;39;Nepotvrzeno
G40;Za jakých podmínek lze provozovat zařízení obsahující minimálně 300 kg regulovaných látek?;Nezařazena — jen procvičování a časovaný trénink;;;Nepotvrzeno
H1;Platné české technické normy;Obecná;H1;40;Nepotvrzeno
H2;Česká technická norma;Nezařazena — jen procvičování a časovaný trénink;;;Nepotvrzeno
H3;Česká technická norma;Nezařazena — jen procvičování a časovaný trénink;;;Nepotvrzeno
H4;Určená česká technická norma je norma;Obecná;H4;40;Nepotvrzeno
H5;Harmonizovaná česká technická norma je norma,;Obecná;H5;40;Nepotvrzeno
H6;Soustavu českých technických norem tvoří;Obecná;H6;40;Nepotvrzeno
H7;Sponzorovaný přístup k českým technickým normám (ČSN) a jiným technickým dokumentům;Obecná;H7;40;Nepotvrzeno
H8;Tvorbu, vydávání a distribuci českých technických norem, jejich změny a zrušení zaručuje;Obecná;H8;40;Nepotvrzeno
H9;Národním normalizačním orgánem, který zabezpečuje tvorbu, vydávání a distribuci českých technických norem, jejich změny a zrušení je;Obecná;H9;40;Nepotvrzeno
H10;Česká agentura pro standardizaci je;Obecná;H10;40;Nepotvrzeno
H11;Výrobky pro stavby, které mají rozhodující význam pro výslednou kvalitu stavby a představují zvýšenou míru ohrožení oprávněných zájmů, jsou stanoveny a posuzovány podle jiných právních předpisů:;Obecná;H11;41;Nepotvrzeno
H12;Stanovený výrobek podle zákona o technických požadavcích na výrobky je výrobek, který;Obecná;H12;41;Nepotvrzeno
H13;Seznam stanovených stavebních výrobků s vyznačením postupů posuzování shody obsahuje;Obecná;H13;41;Nepotvrzeno
H14;Stanovený stavební výrobek;Obecná;H14;41;Nepotvrzeno
H15;Postupy posuzování shody pro vybrané stavební výrobky se rozumí;Obecná;H15;41;Nepotvrzeno
H16;Autorizací podle zákona č. 22/1997 Sb., o technických požadavcích na výrobky, se rozumí;Obecná;H16;41;Nepotvrzeno
H17;Certifikace podle zákona o technických požadavcích na výrobky je;Obecná;H17;41;Nepotvrzeno
H18;Autorizovaná osoba podle zákona č. 22/1997 Sb., o technických požadavcích na výrobky,;Obecná;H18;41;Nepotvrzeno
H19;Oznámeným subjektem je;Obecná;H19;41;Nepotvrzeno
H20;Harmonizovanými technickými specifikacemi jsou;Obecná;H20;41;Nepotvrzeno
H21;Pojmem základní charakteristiky stavebního výrobku se rozumí;Obecná;H21;42;Nepotvrzeno
H22;Nařízení EP a Rady (EU) č. 305/2011, kterým se stanoví harmonizované podmínky pro uvádění stavebních výrobků na trh a kterým se zrušuje směrnice Rady 89/106/EHS stanoví;Obecná;H22;42;Nepotvrzeno
H23;Pro právní předpis EU, jehož předmětem je stanovení pravidel pro uvádění a dodávání stavebních výrobků s označením CE na trh EU, je zákonem č. 22/1997 Sb., o technických požadavcích na výrobky, zaveden pojem „přímo použitelný předpis pro stavební výrobky“ a jedná se o;Obecná;H23;42;Nepotvrzeno
H24;Prohlášení o vlastnostech;Obecná;H24;42;Nepotvrzeno
H25;Nařízení vlády č. 163/2002 Sb., kterým se stanoví technické požadavky na vybrané stavební výrobky, se vztahuje na výrobky,;Obecná;H25;42;Nepotvrzeno
H26;Prohlášení o shodě vypracovává výrobce nebo dovozce v rozsahu náležitostí;Obecná;H26;42;Nepotvrzeno
H27;Výrobcem;Obecná;H27;42;Nepotvrzeno
H28;Dovozcem;Obecná;H28;42;Nepotvrzeno
H29;Distributorem;Obecná;H29;42;Nepotvrzeno
H30;Uvedením výrobku na trh se rozumí;Obecná;H30;42;Nepotvrzeno
H31;Prohlášení o vlastnostech podle nařízení EP a Rady (EU) č. 305/2011, kterým se stanoví harmonizované podmínky pro uvádění stavebních výrobků na trh a kterým se zrušuje směrnice Rady 89/106/EHS, může vypracovat pouze;Obecná;H31;42;Nepotvrzeno
H32;Výrobce vypracovává prohlášení o vlastnostech podle nařízení EP a Rady (EU) č. 305/2011, kterým se stanoví harmonizované podmínky pro uvádění stavebních výrobků na trh a kterým se zrušuje směrnice Rady 89/106/EHS, v případě, že;Obecná;H32;42;Nepotvrzeno
H33;Nezávazný přehled harmonizovaných norem k nařízení EP a Rady (EU) č. 305/2011, kterým se stanoví harmonizované podmínky pro uvádění stavebních výrobků na trh a kterým se zrušuje směrnice Rady 89/106/EHS, je zveřejněn na webových stránkách;Obecná;H33;43;Nepotvrzeno
H34;Je-li stavební výrobek s označením CE uváděn nebo dodáván na trh v České republice, musí být prohlášení o vlastnostech a pokyny a bezpečnostní informace k tomuto výrobku;Obecná;H34;43;Nepotvrzeno
H35;Kopie prohlášení o vlastnostech stavebních výrobků, které jsou uváděny na trh se poskytne;Obecná;H35;43;Nepotvrzeno
H36;Na požádání se příjemci stavebního výrobku poskytne prohlášení o vlastnostech;Obecná;H36;43;Nepotvrzeno
H37;Výrobci uchovávají technickou dokumentaci a prohlášení o vlastnostech od uvedení stavebního výrobku na trh;Obecná;H37;43;Nepotvrzeno
H38;Označení CE u stavebního výrobku musí být viditelně, čitelně a nesmazatelně připojeno;Obecná;H38;43;Nepotvrzeno
H39;Výjimky z povinnosti vypracovat prohlášení o vlastnostech ke stavebnímu výrobku, na který se vztahuje harmonizovaná norma, jsou uvedeny;Obecná;H39;43;Nepotvrzeno
H40;Pokud není ke stavebnímu výrobku vypracováno prohlášení o vlastnostech podle nařízení EP a Rady (EU) č. 305/2011, kterým se stanoví harmonizované podmínky pro uvádění stavebních výrobků na trh a kterým se zrušuje směrnice Rady 89/106/EHS;Obecná;H40;43;Nepotvrzeno
H41;Posouzení stavebního výrobku pro jeho uvedení na trh EU podle harmonizované normy je pro výrobce;Obecná;H41;43;Nepotvrzeno
H42;Posouzení stavebního výrobku pro jeho uvedení na trh EU podle evropského dokumentu pro posuzování (EAD) je pro výrobce;Obecná;H42;43;Nepotvrzeno
H43;Dozor nad tím, zda jsou stanovené stavební výrobky a stavební výrobky s označením CE uváděny a dodávány na trh v České republice v souladu se zákonem č. 22/1997 Sb., o technických požadavcích na výrobky a nařízením EP a Rady (EU) č. 305/2011, kterým se stanoví harmonizované podmínky pro uvádění stavebních výrobků na trh a kterým se zrušuje směrnice Rady 89/106/EHS, provádí;Obecná;H43;43;Nepotvrzeno
H44;Na základě posuzování shody vydá výrobce nebo dovozce prohlášení o shodě podle § 13 nařízení vlády č. 163/2002 Sb. a;Nezařazena — jen procvičování a časovaný trénink;;;Nepotvrzeno
H45;Výrobce nebo dovozce označení českou značkou shody CCZ nemusí připojit v případě;Nezařazena — jen procvičování a časovaný trénink;;;Nepotvrzeno
H46;Označení českou značkou shody CCZ musí být viditelně, čitelně a nesmazatelně připojeno;Nezařazena — jen procvičování a časovaný trénink;;;Nepotvrzeno
I1;Zaměstnavatel;Nezařazena — jen procvičování a časovaný trénink;;;Nepotvrzeno
I2;Zaměstnavatelé;Obecná;I2;44;Nepotvrzeno
I3;Zaměstnavatel;Nezařazena — jen procvičování a časovaný trénink;;;Nepotvrzeno
I5;Příklady druhu prací velmi nečistých jsou;Obecná;I5;44;Nepotvrzeno
I6;Zhotovitel je povinen;Obecná;I6;45;Nepotvrzeno
I7;Pod vystupujícími konstrukčními prvky nad komunikacemi, zejména pod zavěšeným vedením, kabelovými lávkami, svítidly apod., musí být ve všech prostorech, kde se zdržují nebo procházejí osoby, dodržena alespoň minimální podchodná výška od podlahy;Obecná;I7;45;Nepotvrzeno
I8;Staveniště v zastavěném území obce nebo organizace musí být z důvodu zajištění ochrany stavby, zařízení a osob souvisle oploceno do výšky nejméně;Obecná;I8;45;Nepotvrzeno
I9;Dojde-li v průběhu prací ke změně povětrnostní situace nebo geologických, hydrogeologických, popř. provozních podmínek, které by mohly nepříznivě ovlivnit bezpečnost práce zejména při používání a provozu strojů, zajistí zhotovitel bez zbytečného odkladu;Obecná;I9;45;Nepotvrzeno
I10;Zhotovitel zajišťuje provádění odborných prohlídek pracoviště;Obecná;I10;45;Nepotvrzeno
I11;Sypké materiály v pytlích se mohou ručně skladovat do výšky;Obecná;I11;45;Nepotvrzeno
I12;V místech s nebezpečím výbuchu, zasypání, otravy, utonutí, pádu z výšky nebo do hloubky zajišťuje zhotovitel, aby fyzické osoby pracující na takovém pracovišti osamoceně byly seznámeny s pravidly dorozumívání pro případ nehody, a stanoví účinnou formu dohledu;Obecná;I12;45;Nepotvrzeno
I13;Zábradlí, není-li bezpečnost osob zajištěna jiným způsobem, například parapety, zdivem nebo jinou konstrukcí, musí být zřízena na volných okrajích mostů, lávek, ochozů, galerií, na schodištích a vyrovnávacích rampách a u pracovišť a komunikací o nestejné úrovni, je-li rozdíl úrovní vyšší než;Obecná;I13;45;Nepotvrzeno
I14;Výkopové práce na odlehlých pracovištích nesmí provádět pracovník osamoceně od hloubky;Obecná;I14;45;Nepotvrzeno
I15;Svislé stěny (boky) ručních výkopů musí být v zastavěném území zajištěny pažením při hloubce větší než;Obecná;I15;45;Nepotvrzeno
I16;Svislé stěny (boky) ručních výkopů musí být v nezastavěném území zajištěny pažením při hloubce větší než;Obecná;I16;45;Nepotvrzeno
I17;"Pro přepravu zeminy kolečkem musí být zřízena dostatečně široká a únosná komunikace bez prudkých přechodů; její povrch nesmí být kluzký a podle okolností musí být zpevněn a musí být ve sklonu nejvýše";Obecná;I17;45;Nepotvrzeno
I18;Nechráněné otvory ve stěnách, s výjimkou otvorů, jejichž dolní okraj leží výše než 1,1 m nad podlahou, nebo otvorů o šířce menší než 0,30 m a výšce menší než 0,75 m, musí být zabezpečeny proti vypadnutí osob, pokud by mohlo dojít k pádu do hloubky větší než;Obecná;I18;46;Nepotvrzeno
I19;Únosnost podpěrných konstrukcí a bednění musí být doložena;Obecná;I19;46;Nepotvrzeno
I20;Při odbedňovacích pracích, kdy se neuvolňují nebo neodstraňují nosné části bednění a stabilita žebříku není závislá na demontovaných částech bednění a podpěr, lze použít pouze žebříku do výše odbedňovací konstrukce nad pracovní podlahou;Obecná;I20;46;Nepotvrzeno
I21;Pokud nařízení vlády č. 362/2005 Sb., o bližších požadavcích na bezpečnost a ochranu zdraví při práci na pracovištích s nebezpečím pádu z výšky nebo do hloubky, nestanoví jinak, musí být zabezpečení proti pádu osob provedeno na pracovištích a přístupových komunikacích v libovolné výšce nad vodou nebo nad látkami ohrožujícími v případě pádu život nebo zdraví osob například popálením, poleptáním, akutní otravou, zadušením a na všech ostatních pracovištích a přístupových komunikacích, pokud leží ve výšce nad okolní úrovní, případně pokud pod nimi volná hloubka přesahuje;Obecná;I21;46;Nepotvrzeno
I22;Pokud zvláštní předpis nestanoví jinak, považuje se za dostatečnou výška horní tyče (madla) zábradlí;Obecná;I22;46;Nepotvrzeno
I23;Pokud nařízení vlády č. 362/2005 Sb., o bližších požadavcích na bezpečnost a ochranu zdraví při práci na pracovištích s nebezpečím pádu z výšky nebo do hloubky, nestanoví jinak, není nutné provádět ochranu proti pádu na souvislé ploše, jejíž sklon od vodorovné roviny nepřesahuje 10 stupňů, pokud pracoviště, popř. přístupová komunikace, jsou vymezeny vhodnou ochranou proti pádu, například zábranou umístěnou ve vzdálenosti od okraje;Obecná;I23;46;Nepotvrzeno
I24;Ochranu proti pádu zajišťuje zaměstnavatel přednostně pomocí;Obecná;I24;46;Nepotvrzeno
I25;Zhotovitel zajistí,;Nezařazena — jen procvičování a časovaný trénink;;;Nepotvrzeno
I26;Konstrukční prvky mohou být při ručním bourání odstraněny jen tehdy,;Obecná;I26;46;Nepotvrzeno
I27;Při lepení krytin z plastových, pryžových, korkových a obdobných materiálů je třeba zajistit intenzivní nepřerušované větrání vymezeného pracoviště k předcházení vzniku výbušné atmosféry, a to po celou dobu lepení a po jeho ukončení nejméně;Obecná;I27;46;Nepotvrzeno
I28;Ochranný nápoj chránící před zátěží chladem se poskytuje při práci na nevenkovním pracovišti, na němž musí být udržována operativní nebo výsledná teplota jako technologický požadavek, nebo na venkovním pracovišti, na němž je korigovaná teplota vzduchu, pokud je tato teplota nižší než;Obecná;I28;46;Nepotvrzeno
I29;Přijatelnou mírou snížení expozice chemické látce nebo prachu, pokud v případě mimořádné události nepostačují dostupná technická opatření k omezení nadměrné expozice zaměstnance chemické látce nebo prachu na přijatelnou míru, jde-li o chemickou látku nebo směs, se rozumí;Obecná;I29;47;Nepotvrzeno
I30;Fyzická osoba se dopustí přestupku na úseku bezpečnosti práce tím, že nezajistí s ohledem na možné ohrožení života nebo zdraví bezpečnost;Obecná;I30;47;Nepotvrzeno
I31;Fyzická osoba se dopustí přestupku na úseku bezpečnosti práce tím, že;Obecná;I31;47;Nepotvrzeno
I32;Státní správu v oblasti bezpečnosti provozu vyhrazených technických zařízení vykonávají;Obecná;I32;47;Nepotvrzeno
I33;Kdo je pověřenou organizací k plnění úkolů v oblasti bezpečnosti provozu vyhrazených technických zařízení?;Obecná;I33;47;Nepotvrzeno
I34;Vyhrazeným technickým zařízením podle zákona č. 250/2021 Sb. se rozumí;Obecná;I34;47;Nepotvrzeno
I35;Revizí se podle zákona č. 250/2021 Sb. rozumí;Obecná;I35;47;Nepotvrzeno
I36;Provozovatel je povinen bez zbytečného odkladu ohlásit oblastnímu inspektorátu havárii, která vznikla v souvislosti s provozem vyhrazených technických zařízení, nebo kdy jsou příčinou vzniku této události vyhrazená technická zařízení a v jejímž důsledku došlo ke škodě na majetku zjevně přesahující částku;Obecná;I36;47;Nepotvrzeno
I37;Kdo může projektovat vyhrazená elektrická zařízení, která nejsou předmětem autorizace podle autorizačního zákona?;Obecná;I37;47;Nepotvrzeno
I38;Za vyhrazená technická elektrická zařízení se považují;Obecná;I38;47;Nepotvrzeno
I39;Osobu odpovědnou za provoz vyhrazeného technického plynového zařízení určí;Obecná;I39;47;Nepotvrzeno
I40;Za vyhrazená technická tlaková zařízení se považují;Obecná;I40;48;Nepotvrzeno
I41;Vyhrazenými technickými zdvihacími zařízeními I. třídy jsou;Obecná;I41;48;Nepotvrzeno
J3;Požární bezpečnost stavebního objektu je podle ČSN 73 0802 - Požární bezpečnost staveb – nevýrobní objekty charakterizována;Obecná;J3;49;Nepotvrzeno
J7;Ministerstvo vnitra vykonává státní požární dozor podle § 31 odst. 1 písm. b) a c) zákona č. 133/1985 Sb., o požární ochraně u staveb;Obecná;J7;49;Nepotvrzeno
J17;Požární úseky stavby s vnitřním shromažďovacím prostorem a navazující únikové cesty musí být podle vyhlášky č. 23/2008 Sb., o technických podmínkách požární ochrany staveb, vybaveny;Obecná;J17;50;Nepotvrzeno
J18;Na povrchovou stavební úpravu stěny, stropu a podhledu vnitřního shromažďovacího prostoru musí být podle vyhlášky č. 23/2008 Sb., o technických podmínkách požární ochrany staveb, použity stavební výrobky třídy reakce na oheň;Obecná;J18;51;Nepotvrzeno
J24;Při projektování požárně bezpečnostních zařízení se ve smyslu vyhlášky č. 246/2001 Sb., o stanovení podmínek požární bezpečnosti a výkonu státního požárního dozoru (vyhláška o požární prevenci), postupuje;Obecná;J24;51;Nepotvrzeno
J25;Podle vyhlášky o požární prevenci č. 246/2001 Sb., o stanovení podmínek požární bezpečnosti a výkonu státního požárního dozoru (vyhláška o požární prevenci), zabezpečuje při projektování dvou a více vzájemně se ovlivňujících požárně bezpečnostních zařízení koordinaci funkcí těchto zařízení;Nezařazena — jen procvičování a časovaný trénink;;;Nepotvrzeno
J26;Zařízení tvořící systém ochrany stavby a jejího uživatele před bleskem nebo jinými atmosférickými elektrickými výboji musí být navrženo z výrobků;Obecná;J26;51;Nepotvrzeno
J28;Nouzovým osvětlením musí být vybavena;Obecná;J28;52;Nepotvrzeno
J34;Ve stavbě s vnitřním shromažďovacím prostorem druhu VP2 a VP3 podle české technické normy ČSN 73 0831 - Požární bezpečnost staveb – shromažďovací prostory musí být;Obecná;J34;52;Nepotvrzeno
J36;Požární úsek garáže se zakladačovým systémem, který nesplňuje podmínky pro rychlý a účinný zásah jednotky požární ochrany, musí být vybaven;Obecná;J36;52;Nepotvrzeno
J40;Obsah a rozsah požárně bezpečnostního řešení stanoví;Obecná;J40;53;Nepotvrzeno
J41;Státní požární dozor se, v rozsahu podle § 31 odst. 1 písm. b) a c) zákona č. 133/1985 Sb., o požární ochraně, nevykonává u stavby kategorie;Obecná;J41;53;Nepotvrzeno
J42;Požárně bezpečnostní řešení se zpracovává pro stavby;Obecná;J42;53;Nepotvrzeno
J43;Z hlediska požární bezpečnosti a ochrany obyvatelstva se stavba člení na;Obecná;J43;53;Nepotvrzeno
J44;Nadřízeným správním orgánem příslušným ke zrušení, potvrzení nebo změně závazného stanoviska na úseku požární ochrany vydaného hasičským záchranným sborem kraje je u stavby kategorie II;Obecná;J44;53;Nepotvrzeno
J45;Nadřízeným správním orgánem příslušným ke zrušení, potvrzení nebo změně závazného stanoviska na úseku požární ochrany vydaného hasičským záchranným sborem kraje je u stavby kategorie III;Obecná;J45;53;Nepotvrzeno
J46;Kritéria a charakteristiku stavby pro její zařazení do kategorie z hlediska požární bezpečnosti a ochrany obyvatelstva stanoví;Obecná;J46;53;Nepotvrzeno
J47;Třídou využití se pro potřeby kategorizace staveb z hlediska požární bezpečnosti a ochrany obyvatelstva rozumí;Obecná;J47;53;Nepotvrzeno
J48;Výškou stavby u stavby, která není budovou podle vyhlášky č. 460/2021 Sb., o kategorizaci staveb, z hlediska požární bezpečnosti a ochrany obyvatelstva je:;Obecná;J48;54;Nepotvrzeno
J49;Nejvyšší třídou využití podle vyhlášky č. 460/2021 Sb., o kategorizaci staveb, z hlediska požární bezpečnosti a ochrany obyvatelstva je;Obecná;J49;54;Nepotvrzeno
J50;Stavba je podle vyhlášky č. 460/2021 Sb., o kategorizaci staveb z hlediska požární bezpečnosti a ochrany obyvatelstva zařazena do příslušné kategorie:;Obecná;J50;54;Nepotvrzeno
K1;Pozemkem podle katastrálního zákona je;Obecná;K2;55;Nepotvrzeno
K2;Budovou podle katastrálního zákona je;Obecná;K3;55;Nepotvrzeno
K3;Stavba součástí pozemku;Obecná;K4;55;Nepotvrzeno
K4;V katastru nemovitostí se evidují;Obecná;K5;55;Nepotvrzeno
K5;Cenové údaje obsahem katastru nemovitostí;Obecná;K7;55;Nepotvrzeno
K6;Zápisy práv se do katastru nemovitostí provádějí na základě písemností v podobě;Obecná;K8;56;Nepotvrzeno
K7;Právní účinky zápisu do katastru nemovitostí vznikají na základě pravomocného rozhodnutí o jeho povolení;Obecná;K12;56;Nepotvrzeno
K8;Účastníkem vkladového řízení je;Obecná;K13;56;Nepotvrzeno
K9;Vklad lze povolit nejdříve po uplynutí;Obecná;K18;56;Nepotvrzeno
K10;Proti rozhodnutí, kterým se vklad povoluje;Obecná;K20;56;Nepotvrzeno
K11;Proti rozhodnutí o zamítnutí vkladu;Obecná;K21;56;Nepotvrzeno
K12;Geometrický plán je;Obecná;K26;57;Nepotvrzeno
K13;Geometrický plán je neoddělitelnou součástí listiny, podle které má být proveden zápis do katastru nemovitostí,;Obecná;K27;57;Nepotvrzeno
K14;Záznamem se do katastru nemovitostí zapisují;Obecná;K29;57;Nepotvrzeno
K15;Poznámka;Obecná;K32;57;Nepotvrzeno
K16;Obnovu katastrálního operátu lze provést;Obecná;K36;58;Nepotvrzeno
K17;Závazné údaje katastru nemovitostí pro právní jednání týkající se nemovitostí vedených v katastru nemovitostí jsou;Obecná;K37;58;Nepotvrzeno
K18;Katastr nemovitostí;Obecná;K38;58;Nepotvrzeno
K19;Získávat údaje z katastru nemovitostí formou nahlížení nelze;Obecná;K39;58;Nepotvrzeno
K20;Poskytování údajů ze sbírky listin katastru nemovitostí či pozemkové knihy;Obecná;K40;58;Nepotvrzeno
K21;Dálkový přístup k údajům katastru nemovitostí vedeným v elektronické podobě může získat za úplatu;Obecná;K41;58;Nepotvrzeno
K22;Zeměměřické činnosti jsou oprávněny vykonávat pouze;Obecná;K44;58;Nepotvrzeno
K23;Při výkonu zeměměřických činností se smí;Obecná;K45;58;Nepotvrzeno
K24;Výsledky zeměměřických činností ve výstavbě musí být ověřeny autorizovaným zeměměřickým inženýrem v případě, že se jedná o;Obecná;K46;58;Nepotvrzeno
K25;Výsledky zeměměřických činností vyhotovené orgány zeměměřictví a katastru jako součást výkonu jejich působnosti musí být ověřeny;Obecná;K47;58;Nepotvrzeno
K26;Autorizovaný zeměměřický inženýr je ten,;Obecná;K48;59;Nepotvrzeno
K27;Česká komora zeměměřičů uděluje autorizaci též pro ověřování;Obecná;K49;59;Nepotvrzeno
M1;Považují se za vodní díla vodovodní a kanalizační přípojky?;Oborová;M1;65;Nepotvrzeno
M2;Je pitná voda ve vodovodu pro veřejnou potřebu součástí této stavby?;Nezařazena — jen procvičování a časovaný trénink;;;Nepotvrzeno
M3;Platí povinnost investora žádat o vyjádření vodoprávního úřadu ke každému záměru, který může ovlivnit vodní poměry?;Oborová;M3;65;Nepotvrzeno
M4;Co se rozumí stavbami k vodohospodářským melioracím pozemků?;Oborová;M4;65;Nepotvrzeno
M7;Co je vodní dílo?;Oborová;M7;65;Nepotvrzeno
M8;Co jsou vodohospodářské úpravy?;Oborová;M8;65;Nepotvrzeno
M9;Ochranná pásma vodovodních řadů a kanalizačních stok do průměru 500 mm činí na každou stranu od jejich vnějšího líce;Oborová;M9;65;Nepotvrzeno
M10;Ochranná pásma vodovodních řadů a kanalizačních stok s průměrem nad 500 mm činí na každou stranu od jejich vnějšího líce;Oborová;M10;65;Nepotvrzeno
M11;Kdo pořizuje vodovodní nebo kanalizační přípojky?;Oborová;M11;65;Nepotvrzeno
M12;Při provádění staveb, jejichž charakter a účel užívání vyžaduje jejich zásobování vodou, má povinnost zajistit jejich zásobování vodou a zneškodňování odpadních vod z nich;Oborová;M12;65;Nepotvrzeno
M16;Kdy musí mít stavebník stanovisko správce povodí před povolením záměru?;Nezařazena — jen procvičování a časovaný trénink;;;Nepotvrzeno
M17;Může být vodní dílo umístěno jen v zastavěném nebo zastavitelném území;Nezařazena — jen procvičování a časovaný trénink;;;Nepotvrzeno
M18;Vlastník nebo provozovatel vodovodu nebo kanalizace pro veřejnou potřebu je povinen umožnit připojení stavby na ně,;Oborová;M18;66;Nepotvrzeno
M19;V ochranném pásmu vodovodního řadu lze provádět zemní práce, stavby a provádět činnosti, které omezují přístup k řadu;Oborová;M19;66;Nepotvrzeno
M20;Kanalizační řády;Oborová;M21;66;Nepotvrzeno
N2;Právo vstupu na cizí pozemky za účelem provádění geologických prací se zásahem do tohoto pozemku vzniká;Obecná;N2;67;Nepotvrzeno
N3;Pozemky dotčené provedením geologických prací spojených se zásahem do pozemku, popřípadě s vyznačením a uchováváním výzkumných a průzkumných děl, je organizace po ukončení prací povinna;Obecná;N3;67;Nepotvrzeno
N4;Jaký projekt geologických prací (včetně jeho změn) je organizace povinna zaslat krajskému úřadu k vyjádření z hlediska zájmů chráněných zvláštními právními předpisy?;Oborová;N4;67;Nepotvrzeno
N5;Jaké je členění ložisek nerostů podle horního zákona?;Obecná;N6;67;Nepotvrzeno
N6;Komu náleží ložisko nevyhrazených nerostů?;Obecná;N8;67;Nepotvrzeno
N7;Jak projektanti územně plánovací dokumentace zabezpečí ochranu nerostného bohatství při územně plánovací činnosti podle zákona č. 44/1988 Sb., o ochraně a využití nerostného bohatství (horní zákon)?;Nezařazena — jen procvičování a časovaný trénink;;;Nepotvrzeno
N9;Orgán státní báňské správy povoluje;Oborová;N13;68;Nepotvrzeno
N11;Co spadá do činnosti prováděné hornickým způsobem?;Obecná;N15;68;Nepotvrzeno
N12;Kdo je oprávněn realizovat činnost prováděnou hornickým způsobem?;Obecná;N16;68;Nepotvrzeno
N13;Co jsou to podzemní objekty podle zákona o hornické činnosti, výbušninách a o státní báňské správě?;Nezařazena — jen procvičování a časovaný trénink;;;Nepotvrzeno
N14;Co se považuje za bezpečný stav podzemního objektu podle zákona o hornické činnosti, výbušninách a o státní báňské správě?;Nezařazena — jen procvičování a časovaný trénink;;;Nepotvrzeno
N15;Kdo může podle zákona o hornické činnosti, výbušninách a o státní báňské správě projektovat podzemní práce sloužící k zajištění stability podzemních prostorů, práce na zpřístupňování jeskyní, práce na zpřístupnění starých důlních děl či práce spočívající v hloubení studní, ražení štol a tunelů?;Nezařazena — jen procvičování a časovaný trénink;;;Nepotvrzeno
N16;Kdo je odborný znalec pro posuzování stability podzemních objektů a dalších prostor vytvářených činností prováděnou hornickým způsobem podle § 3 písm. i) zákona o hornické činnosti?;Nezařazena — jen procvičování a časovaný trénink;;;Nepotvrzeno
N17;Podmínky pro projektování a umísťování staveb určených k výrobě, zpracování a skladování výbušnin stanoví;Obecná;N21;69;Nepotvrzeno
N18;Za podzemní dílo se podle báňských právních předpisů;Oborová;N22;69;Nepotvrzeno
N20;Podkladem pro vypracování projektu podzemního díla je;Oborová;N24;69;Nepotvrzeno
N21;Vedení podzemního díla je dovoleno;Oborová;N25;69;Nepotvrzeno
O1;Co je elektrizační soustava ČR?;Nezařazena — jen procvičování a časovaný trénink;;;Nepotvrzeno
O2;Co je přenosová soustava?;Nezařazena — jen procvičování a časovaný trénink;;;Nepotvrzeno
O3;Co je distribuční soustava v elektroenergetice?;Nezařazena — jen procvičování a časovaný trénink;;;Nepotvrzeno
O4;Co je odběrné místo v elektroenergetice?;Nezařazena — jen procvičování a časovaný trénink;;;Nepotvrzeno
O5;K čemu je určena elektrická přípojka?;Nezařazena — jen procvičování a časovaný trénink;;;Nepotvrzeno
O6;Co je to výrobna elektřiny?;Nezařazena — jen procvičování a časovaný trénink;;;Nepotvrzeno
O7;Jaký je účel ochranného pásma elektrizační soustavy?;Nezařazena — jen procvičování a časovaný trénink;;;Nepotvrzeno
O8;Co označujeme pojmem přeložka zařízení (přenosové nebo distribuční soustavy) v elektroenergetice?;Nezařazena — jen procvičování a časovaný trénink;;;Nepotvrzeno
O9;"Jaký stav se rozumí pod označením ""souběh"" jednotlivých zařízení?";Nezařazena — jen procvičování a časovaný trénink;;;Nepotvrzeno
O10;Co je plynárenská soustava?;Nezařazena — jen procvičování a časovaný trénink;;;Nepotvrzeno
O11;Co je přepravní soustava?;Nezařazena — jen procvičování a časovaný trénink;;;Nepotvrzeno
O12;Co je distribuční soustava v plynárenství?;Nezařazena — jen procvičování a časovaný trénink;;;Nepotvrzeno
O13;Co je odběrné místo v plynárenství?;Nezařazena — jen procvičování a časovaný trénink;;;Nepotvrzeno
O14;Co je odběrné plynové zařízení?;Nezařazena — jen procvičování a časovaný trénink;;;Nepotvrzeno
O15;Co je výrobna plynu?;Nezařazena — jen procvičování a časovaný trénink;;;Nepotvrzeno
O16;Co je plynovodní přípojka?;Nezařazena — jen procvičování a časovaný trénink;;;Nepotvrzeno
O17;Jaký je účel ochranného pásma plynárenských zařízení?;Nezařazena — jen procvičování a časovaný trénink;;;Nepotvrzeno
O18;Jaký je účel bezpečnostního pásma plynových zařízení?;Nezařazena — jen procvičování a časovaný trénink;;;Nepotvrzeno
O19;Čím je tvořena soustava zásobování tepelnou energií?;Nezařazena — jen procvičování a časovaný trénink;;;Nepotvrzeno
O20;Co je rozvodné tepelné zařízení?;Nezařazena — jen procvičování a časovaný trénink;;;Nepotvrzeno
O21;Co je odběrné místo?;Nezařazena — jen procvičování a časovaný trénink;;;Nepotvrzeno
O22;Co je odběrné tepelné zařízení?;Nezařazena — jen procvičování a časovaný trénink;;;Nepotvrzeno
O23;Co je tepelná přípojka?;Nezařazena — jen procvičování a časovaný trénink;;;Nepotvrzeno
O24;Jaký je účel ochranného pásma zařízení na výrobu či rozvod tepelné energie?;Nezařazena — jen procvičování a časovaný trénink;;;Nepotvrzeno
O25;Co se rozumí pod pojmem energetická infrastruktura?;Nezařazena — jen procvičování a časovaný trénink;;;Nepotvrzeno
O26;Stavbou pro energetickou bezpečnost je označována stavba:;Nezařazena — jen procvičování a časovaný trénink;;;Nepotvrzeno
O27;Co se rozumí pod pojmem kritická infrastruktura?;Nezařazena — jen procvičování a časovaný trénink;;;Nepotvrzeno
O28;Za jakých podmínek jsou výrobny el. energie prvky kritické infrastruktury?;Nezařazena — jen procvičování a časovaný trénink;;;Nepotvrzeno
O29;Jaké prvky elektroenergetické distribuční soustavy jsou zařazeny do kritické infrastruktury?;Nezařazena — jen procvičování a časovaný trénink;;;Nepotvrzeno
O30;Jaké prvky přepravní soustavy jsou zařazeny do kritické infrastruktury?;Nezařazena — jen procvičování a časovaný trénink;;;Nepotvrzeno
O31;Jaké prvky soustavy zásobování tepelnou energií jsou zařazeny do kritické infrastruktury?;Nezařazena — jen procvičování a časovaný trénink;;;Nepotvrzeno
P1;Zajišťováním sítě elektronických komunikací se rozumí;Obecná;P2;75;Nepotvrzeno
P2;Koncovým bodem sítě rozumíme;Obecná;P3;75;Nepotvrzeno
P3;Elektronickým komunikačním zařízením rozumíme;Nezařazena — jen procvičování a časovaný trénink;;;Nepotvrzeno
P4;Co se rozumí veřejnou komunikační sítí?;Obecná;P4;75;Nepotvrzeno
P5;Které činnosti elektronických komunikací se mj. uskutečňují ve veřejném zájmu?;Nezařazena — jen procvičování a časovaný trénink;;;Nepotvrzeno
P6;Jaké jsou povinnosti osob, které budou provádět stavební práce v ochranném pásmu veřejné komunikační sítě?;Nezařazena — jen procvičování a časovaný trénink;;;Nepotvrzeno
P7;Kdy vzniká ochranné pásmo podzemního komunikačního vedení?;Oborová;P12;76;Nepotvrzeno
P8;Jak je definována šířka ochranného pásma podzemního vedení elektronických komunikací;Obecná;P13;76;Nepotvrzeno
P9;Činnosti prováděné v ochranném pásmu podzemního komunikačního vedení, které by znemožňovaly přístup k tomuto vedení, je možné vykonat jen;Nezařazena — jen procvičování a časovaný trénink;;;Nepotvrzeno
P10;Podnikatel zajišťující výstavbu a provoz podzemního komunikačního vedení sítě elektronických komunikací je povinen;Oborová;P15;76;Nepotvrzeno
P11;Nadzemním komunikačním vedením se rozumí;Oborová;P16;76;Nepotvrzeno
P12;Podzemním komunikačním vedením se rozumí;Nezařazena — jen procvičování a časovaný trénink;;;Nepotvrzeno
P13;Náklady na vynucenou překládku vedení veřejné komunikační sítě elektronických komunikací hradí;Oborová;P17;76;Nepotvrzeno
P14;Povinnou osobou podle zákona č. 194/2017 Sb., o opatřeních ke snížení nákladů na zavádění vysokorychlostních sítí elektronických komunikací, není;Nezařazena — jen procvičování a časovaný trénink;;;Nepotvrzeno
P15;Oprávněnou osobou podle zákona č. 194/2017 Sb., o opatřeních ke snížení nákladů na zavádění vysokorychlostních sítí elektronických komunikací, je;Nezařazena — jen procvičování a časovaný trénink;;;Nepotvrzeno
P16;Co rozumíme pod pojmem vysokorychlostní síť elektronických komunikací?;Oborová;P21;76;Nepotvrzeno
P17;Co rozumíme přípojkou elektronických komunikací?;Obecná;P22;76;Nepotvrzeno
P18;Který orgán zabezpečuje činnost Jednotného informačního místa?;Obecná;P23;76;Nepotvrzeno
P19;Za jakých podmínek umožní povinná osoba oprávněné osobě přístup k fyzické infrastruktuře podle zákona č. 194/2017 Sb., o opatřeních ke snížení nákladů na zavádění vysokorychlostních sítí elektronických komunikací?;Nezařazena — jen procvičování a časovaný trénink;;;Nepotvrzeno
P20;Jaké právo má oprávněná osoba, pokud je při zavádění nové vysokorychlostní sítě elektronických komunikací uvnitř budovy technicky nemožné nebo ekonomicky neefektivní vybudování nové fyzické infrastruktury uvnitř budovy, podle zákona č. 194/2017 Sb., o opatřeních ke snížení nákladů na zavádění vysokorychlostních sítí elektronických komunikací?;Nezařazena — jen procvičování a časovaný trénink;;;Nepotvrzeno
P21;Co rozumíme pod pojmem přístupový bod budovy?;Oborová;P28;77;Nepotvrzeno
P22;Infrastrukturou elektronických komunikací se pro účely zákona č. 416/2009 Sb., o urychlení strategicky významné infrastruktury, rozumí:;Oborová;P30;77;Nepotvrzeno
P23;Přípoloží se pro účely zákona č. 416/2009 Sb., o urychlení strategicky významné infrastruktury, rozumí;Oborová;P31;77;Nepotvrzeno
P24;Do jaké délky přípojky elektronických komunikací není třeba rozhodnutí o povolení záměru podle stavebního zákona?;Nezařazena — jen procvičování a časovaný trénink;;;Nepotvrzeno
P25;Kdy stavba přípolože nevyžaduje povolení stavebního úřadu, ani závazné stanovisko nebo rozhodnutí orgánu státní památkové péče?;Oborová;P33;77;Nepotvrzeno
R1;Energetickou náročností budovy je:;Obecná;R3;78;Nepotvrzeno
R2;Průkazem energetické náročnosti je:;Obecná;R5;78;Nepotvrzeno
R3;Energetickým auditem je:;Obecná;R6;78;Nepotvrzeno
R4;Státní energetická koncepce je:;Obecná;R7;78;Nepotvrzeno
R5;Z čeho vychází základní územní energetické koncepce a co obsahuje?;Nezařazena — jen procvičování a časovaný trénink;;;Nepotvrzeno
R6;U jakého provozovaného systému vytápění budovy nebo kombinovaného systému vytápění a větrání budovy je povinen vlastník budovy, nebo společenství vlastníků jednotek nebo v případě, že společenství vlastníků jednotek nevzniklo, správce zařízení zajistit pravidelnou kontrolu?;Obecná;R9;78;Nepotvrzeno
R7;Jak stavebník dokládá v případě výstavby nové budovy povinnost splnění požadavků na energetickou náročnost budovy?;Nezařazena — jen procvičování a časovaný trénink;;;Nepotvrzeno
R8;Kdo je povinen vybavit vnitřní tepelná zařízení budov přístroji regulujícími dodávku tepelné energie v rozsahu stanoveném prováděcím právním předpisem?;Obecná;R11;79;Nepotvrzeno
R9;Musí být požadavky na energetickou náročnost budovy splněny vždy a u všech budov?;Obecná;R12;79;Nepotvrzeno
R10;Musí požadavky na energetickou náročnost budov splňovat budovy, které jsou kulturní památkou, anebo nejsou kulturní památkou, ale nacházejí se v památkové rezervaci nebo památkové zóně?;Nezařazena — jen procvičování a časovaný trénink;;;Nepotvrzeno
R11;Kdo je povinen opatřit průkaz energetické náročnosti budovy?;Obecná;R14;79;Nepotvrzeno
R12;Kdo smí vypracovat průkaz energetické náročnosti budovy?;Obecná;R15;79;Nepotvrzeno
R13;Jsou některé osoby osvobozeny od provedení energetického auditu?;Obecná;R16;79;Nepotvrzeno
R14;Může energetický audit na území České republiky provést také osoba, která je usazena v jiném členském státě Evropské unie?;Nezařazena — jen procvičování a časovaný trénink;;;Nepotvrzeno
R15;Jak vznikne oprávnění energetického specialisty k vybraným činnostem podle zákona č. 406/2000 Sb., o hospodaření energií?;Obecná;R18;79;Nepotvrzeno
R16;Kdo může provádět instalaci vybraných zařízení vyrábějících energii z obnovitelných zdrojů energie?;Obecná;R19;79;Nepotvrzeno
R17;Co je účelem energetické služby podle zákona č. 406/2000 Sb., o hospodaření energií?;Obecná;R20;79;Nepotvrzeno
R18;Kdo vede seznam energetických specialistů v souladu se zákonem č. 406/2000 Sb., o hospodaření energií?;Obecná;R21;79;Nepotvrzeno
R19;Co se považuje za technický systém budov ve smyslu zákona č. 406/2000 Sb., o hospodaření energií?;Nezařazena — jen procvičování a časovaný trénink;;;Nepotvrzeno
